1,Paper,50.65,Lorem Epsim Equim
2,Pen,8.65,Lorem Epsim Equim
1,Paper,50.65,Lorem Epsim Equim
1,Paper,50.65,Lorem Epsim Equim
1,Paper,50.65,Lorem Epsim Equim
1,Paper,50.65,Lorem Epsim Equim
1,Paper,50.65,Lorem Epsim Equim
1,Paper,50.65,Lorem Epsim Equim
3,Can,10.65,Lorem Epsim Equim
4,Canopener,18.65,Lorem Epsim Equim
5,Telescope,28.65,Lorem Epsim Equim
6,Bath towel,22.65,Lorem Epsim Equim
7,Tissues,44.65,Lorem Epsim Equim
8,Cup,40.65,Lorem Epsim Equim
9,Glasses,26.65,Lorem Epsim Equim
10,Mug,32.65,Lorem Epsim Equim
11,Calculator,48.65,Lorem Epsim Equim
12,Candy,14.65,Lorem Epsim Equim
13,Soda,46.65,Lorem Epsim Equim
13,Soda,46.65,Lorem Epsim Equim
13,Soda,46.65,Lorem Epsim Equim
14,Cough Drops,16.65,Lorem Epsim Equim
15,Tea,42.65,Lorem Epsim Equim
15,Tea,42.65,Lorem Epsim Equim
16,Coffee,12.65,Lorem Epsim Equim
17,Pain Killers,30.65,Lorem Epsim Equim
18,Newspaper,24.65,Lorem Epsim Equim
19,Gum,34.65,Lorem Epsim Equim
20,Magazine,52.65,Lorem Epsim Equim
21,Music Player,54.65,Lorem Epsim Equim
22,Hammer,58.65,Lorem Epsim Equim
23,Nails,4.99,Lorem Epsim Equim
23,Nails,4.99,Lorem Epsim Equim
23,Nails,4.99,Lorem Epsim Equim
24,Screwdriver,36.65,Lorem Epsim Equim
25,Pin,6.65,Lorem Epsim Equim
26,Makeup,38.65,Lorem Epsim Equim
27,Hand Cream,20.65,Lorem Epsim Equim
28,Toilet Paper,1.99,Lorem Epsim Equim
29,Paper Towel,0.99,Lorem Epsim Equim
30,Lunch Box,56.65,Lorem Epsim Equim